co_sh4;grupo_carga
2601;Minério de ferro
2606;Bauxita e alumina
2818;Bauxita e alumina
2709;Petróleo bruto
2710;Derivados de petróleo
2711;Derivados de petróleo
2713;Derivados de petróleo
1201;Soja
2304;Farelo de soja
1005;Milho
1701;Açúcar
4702;Celulose
4703;Celulose
7201;Siderúrgicos
7207;Siderúrgicos
7208;Siderúrgicos
7210;Siderúrgicos
0201;Carnes
0202;Carnes
0203;Carnes
0207;Carnes
5201;Algodão
0901;Café
2009;Sucos
1001;Trigo
2701;Carvão e coque
2704;Carvão e coque
3102;Fertilizantes
3103;Fertilizantes
3104;Fertilizantes
3105;Fertilizantes
2207;Etanol
