co_urf;porto;complexo;sg_uf;lat;lon
0317903;São Luís;Itaqui, Ponta da Madeira e Alumar;MA;-2.57;-44.37
0817800;Santos;Porto Organizado de Santos e TUPs do entorno;SP;-23.96;-46.30
0717800;Itaguaí;Itaguaí, Ilha Guaíba e CSN;RJ;-22.93;-43.84
0727600;Vitória;Vitória, Tubarão, Praia Mole e Barra do Riacho;ES;-20.29;-40.24
0917800;Paranaguá;Paranaguá e Antonina;PR;-25.50;-48.52
0710251;Açu;Porto do Açu (São João da Barra);RJ;-21.82;-41.00
1017700;Rio Grande;Rio Grande;RS;-32.06;-52.08
0217800;Belém;Belém, Vila do Conde e Barcarena;PA;-1.54;-48.75
0517800;Salvador;Salvador, Aratu e Madre de Deus;BA;-12.90;-38.50
0927700;São Francisco do Sul;São Francisco do Sul e Itapoá;SC;-26.24;-48.64
0710200;Niterói;Niterói e exportação de petróleo offshore;RJ;-22.88;-43.12
0210200;Santarém;Santarém;PA;-2.42;-54.72
0227600;Manaus;Manaus;AM;-3.14;-60.02
0717600;Rio de Janeiro;Porto do Rio de Janeiro;RJ;-22.89;-43.19
0927800;Itajaí;Itajaí e Navegantes;SC;-26.90;-48.66
0317900;Fortaleza;Mucuripe e Pecém;CE;-3.71;-38.47
0417902;Suape;Suape;PE;-8.39;-34.96
0812051;São Sebastião;São Sebastião;SP;-23.81;-45.40
0927502;Imbituba;Imbituba;SC;-28.23;-48.65
1017800;Porto Alegre;Porto Alegre;RS;-30.02;-51.22
0440151;Maceió;Maceió;AL;-9.68;-35.73
0420154;Natal;Natal;RN;-5.78;-35.20
0240152;Santana;Santana;AP;-0.06;-51.17
0520100;Aracaju;Aracaju (TMIB);SE;-10.84;-36.92
0417900;Recife;Recife;PE;-8.06;-34.87
0430151;Cabedelo;Cabedelo;PB;-6.97;-34.84
0317902;Pecém;Pecém;CE;-3.54;-38.81
0147600;Corumbá;Corumbá (Hidrovia do Paraguai);MS;-19.00;-57.65
0510353;Ilhéus;Ilhéus;BA;-14.78;-39.03
0517600;Salvador;Salvador, Aratu e Madre de Deus;BA;-12.90;-38.50
0317800;Pecém;Pecém;CE;-3.54;-38.81
